"Category","Category slug","Product ID","Product name"
"Household","household-pet","2223","2 in 1 Window Spray Cleaner"
"Household","household-pet","2184","Air Freshener Berries 250ml"
"Household","household-pet","2187","Air Freshener Jasmine 250ml"
"Household","household-pet","2216","Air Freshener Lemon & Orange 250ml"
"Household","household-pet","2232","Air Freshener Ocean Scent Refill 3pk"
"Household","household-pet","2191","Air Freshener Ocean Scent Refill 3pk CDU"
"Household","household-pet","2186","Air Freshener Rose & Peony 250ml"
"Household","household-pet","2215","All Purpose Cloth Roll- 30 Sheets"
"Household","household-pet","2209","Bucket 10L"
"Household","household-pet","2229","Bucket 10L"
"Household","household-pet","2192","Clothes Dryer 20 Pegs"
"Household","household-pet","2196","Colour Control Laundry Sheets 30pk"
"Household","household-pet","2219","Cotton String Floor Mop"
"Household","household-pet","2220","Dust Pan and Brush"
"Household","household-pet","2228","Dustpan & Brush"
"Household","household-pet","2217","Easy Grip Brushes 2pk"
"Household","household-pet","2225","Extendable Microfibre Duster CDU"
"Household","household-pet","2195","Fresh Linen Air Mist 250ml"
"Household","household-pet","2201","Fresh Linen Scent Booster 1984g"
"Household","household-pet","2198","Heavy Duty Storm Pegs 24pk"
"Household","household-pet","2206","Heavy Duty Washing Line 20m"
"Household","household-pet","2194","Jasmine Air Mist 250ml"
"Household","household-pet","2199","Jasmine Tumble Dryer Sheets 40pk"
"Household","household-pet","2207","Lavender Solid Air Freshener"
"Household","household-pet","2214","Lint Rollers 5Pk"
"Household","household-pet","2200","Magnolia Scent Booster 1984g"
"Household","household-pet","2203","Magnolia Scent Booster 275g"
"Household","household-pet","2193","Microfibre Colour Dish Cloths 10pk"
"Household","household-pet","2218","Microfibre Spray Mop with Trigger Handle to Release Water"
"Household","household-pet","2211","Miracle Sponge 6pk"
"Household","household-pet","2205","Non Slip Plastic Coated Hangers 10pk"
"Household","household-pet","2204","Ocean Vacuum Freshener 20pk"
"Household","household-pet","2185","Scented Air Freshener 250ml CDU"
"Household","household-pet","2190","Scented Plug-In Air Freshener with 2 Refills"
"Household","household-pet","2213","Scrub Pads 5pk"
"Household","household-pet","2227","Silicone Scrubbing Brush"
"Household","household-pet","2210","Soap Filled Scourer Pads 16pk"
"Household","household-pet","2221","Soft Bristle Broom with Cushioned Edges"
"Household","household-pet","2226","Static Duster"
"Household","household-pet","2233","Strong Clothes Hangers 10pk"
"Household","household-pet","2197","Strong Grip Clothes Pegs 18pk"
"Household","household-pet","2230","Suction Dish Brush"
"Household","household-pet","2231","Swing Bin Drawstring 50L 10pk"
"Household","household-pet","2188","Toilet Rim Block Cleaner Citrus 2pk"
"Household","household-pet","2189","Toilet Rim Block Cleaner Ocean Fresh 2pk"
"Household","household-pet","2222","Twist Mop"
"Household","household-pet","2212","Ultra Absorbent Cloths 3Pk"
"Household","household-pet","2202","Vanilla & Sandalwood Scent Booster 275g"
"Household","household-pet","2224","Venetian Blind Cleaner"
"Household","household-pet","2208","Vinyl Gloves 30pk"
"Pets","pets","2262","2-IN-1 Bird Bath & Feeder"
"Pets","pets","2241","Cat Bowls 2pk 17cm"
"Pets","pets","2245","Cat Collar With Bell"
"Pets","pets","2243","Cat Teaser Fish Toy"
"Pets","pets","2252","Collapsible Pet Bowl With Clip 15cm"
"Pets","pets","2254","Cooling Pet Drinking Bowl CDU"
"Pets","pets","2247","Dog Leash 10m"
"Pets","pets","2255","Double Diner With Splash Guard"
"Pets","pets","2244","Fish With Catnip Toy"
"Pets","pets","2263","Marine Animal Plush Dog Toy"
"Pets","pets","2242","Multi-purpose Cat Mat"
"Pets","pets","2259","Pet Fleece Blanket 60cm x 100cm"
"Pets","pets","2253","Pet Food Scoop 2pk"
"Pets","pets","2256","Pet Food Storage 900ml"
"Pets","pets","2260","Pet Grooming Brush Set"
"Pets","pets","2258","Pet Microfibre Towel 60 x 100cm"
"Pets","pets","2261","Pet Silicone Placemat"
"Pets","pets","2246","Pet Travel Bottle"
"Pets","pets","2249","Puppy training pads 30 pack"
"Pets","pets","2248","Rainbow Fragranced Doggy Poo Bags 240pk"
"Pets","pets","2250","Retractable Dog Lead"
"Pets","pets","2240","Silica Crystals Cat Litter 3.8L"
"Pets","pets","2251","Spiral Pet Stake 5m"
"Pets","pets","2257","Stainless Steel Pet Bowl 25cm"
"Stationery","stationery-party","2001","A4 Clear Document Wallets 4pk"
"Stationery","stationery-party","2039","A4 Coloured Card 10pk"
"Stationery","stationery-party","2029","A4 Coloured Card 15pk"
"Stationery","stationery-party","1978","A4 Glitter Card - 10 Pack"
"Stationery","stationery-party","2033","A4 Refill Pad 200 Pages"
"Stationery","stationery-party","2008","A4 Tracing Paper 10pk"
"Stationery","stationery-party","1981","A4 White Play Paper 60 Sheets"
"Stationery","stationery-party","2023","A5 Wiro PP Cover Notebook"
"Stationery","stationery-party","1975","Acrylic Paints 12ml 20pk"
"Stationery","stationery-party","2044","Acrylic Paints 75ml 6pk"
"Stationery","stationery-party","2006","Acrylic Starter Kit 36ml 18pk"
"Stationery","stationery-party","1999","Adhesive Jewels - Multi Pack"
"Stationery","stationery-party","2003","Artist Canvas Panel 20cm x 20cm 2pk"
"Stationery","stationery-party","2048","Artist Canvas Panel 30cm x 30cm"
"Stationery","stationery-party","2052","Artist Easel with Canvas 24x30cm"
"Stationery","stationery-party","1986","Artist Framed Canvas 25cm x 20cm"
"Stationery","stationery-party","1994","Artist Mini Framed Canvas 7cm x 7cm 4pk"
"Stationery","stationery-party","1995","Artist Paint Brush Set 10pk"
"Stationery","stationery-party","2026","Assorted Ballpoint Pens 12pk"
"Stationery","stationery-party","2040","Assorted Sticky Note Set"
"Stationery","stationery-party","2010","Ballpoint Pens 6pk"
"Stationery","stationery-party","2049","Bling Ballpoint Pen CDU"
"Stationery","stationery-party","2034","Boys 10 Colour Pen CDU"
"Stationery","stationery-party","2018","Bright Gel Pens 6pk"
"Stationery","stationery-party","2016","Brown Paper Roll 5m CDU"
"Stationery","stationery-party","1960","Brown tape 50m x 48mm"
"Stationery","stationery-party","2046","C4 Self Seal Envelopes 10pk"
"Stationery","stationery-party","1966","Children's Colouring Book"
"Stationery","stationery-party","1973","Clear Adhesive Tape 3pk 25m"
"Stationery","stationery-party","1961","Clear Packing Tape 50m"
"Stationery","stationery-party","1967","Coloured Tissue Paper 15 Sheets"
"Stationery","stationery-party","2050","Correction Pen & Fluid Kit"
"Stationery","stationery-party","1984","Correction Tape Set 2pk"
"Stationery","stationery-party","2011","Cotton String Balls 2pk"
"Stationery","stationery-party","1992","Craft Glue 80ml 2pk"
"Stationery","stationery-party","1970","Craft Googly Eyes 200pk"
"Stationery","stationery-party","1982","Craft Scissors 3pk"
"Stationery","stationery-party","2042","Double End Marker Pens 10pk"
"Stationery","stationery-party","2032","Double Sided Sticky Pads - 320 Pack"
"Stationery","stationery-party","2036","Double Sided Tape 15m"
"Stationery","stationery-party","2014","Double Sided Tape 5m & 80 Pads"
"Stationery","stationery-party","1998","Drawing Pins 300pk"
"Stationery","stationery-party","2000","Dry erase board"
"Stationery","stationery-party","1989","Dry Erase Markers 4pk"
"Stationery","stationery-party","1957","Dual Tip Felt Pens 12pk"
"Stationery","stationery-party","1972","Elastic bands 100g"
"Stationery","stationery-party","1993","Extra Large Mail Bags 640 x 880mm 2pk"
"Stationery","stationery-party","1969","Fibre Tip Brush Pens 12pk"
"Stationery","stationery-party","1965","Fragile Tape 40m"
"Stationery","stationery-party","2035","Framed Canvas 30x40cm"
"Stationery","stationery-party","2041","Gel Pens 8pk"
"Stationery","stationery-party","2031","Glitter Glues 18pk"
"Stationery","stationery-party","2027","Glitter Tubes 8pk"
"Stationery","stationery-party","2002","Glue Set 3pk"
"Stationery","stationery-party","1963","HB Pencils & Sharpener - 10 Pack"
"Stationery","stationery-party","1959","HB Pencils 12pk"
"Stationery","stationery-party","2015","Jumbo Calculator"
"Stationery","stationery-party","2028","Jumbo Clear Sticky Tape 120m"
"Stationery","stationery-party","1997","Jumbo Fibre Pens 8pk"
"Stationery","stationery-party","1971","Jumbo Tape Dispenser 50m"
"Stationery","stationery-party","2055","Kraft Bags 4pk"
"Stationery","stationery-party","1987","Large Mail Bags 320 x 440mm 3pk"
"Stationery","stationery-party","2043","Large Padded Envelopes 27cm x 36cm - 2 Pack"
"Stationery","stationery-party","2045","Large Scissors"
"Stationery","stationery-party","1964","Lucky Bingo Markers CDU"
"Stationery","stationery-party","2005","Magnetic Bulldog Clips 3pk"
"Stationery","stationery-party","2007","Magnifying Glass"
"Stationery","stationery-party","2030","Make Your Own Greetings Cards 10 Pack"
"Stationery","stationery-party","2004","Medium Mail Bags 240 x 320mm - 6pk"
"Stationery","stationery-party","2021","Medium Padded Envelopes 24cm x 33.5cm - 3 Pack"
"Stationery","stationery-party","2022","Metallic Pens - 3 Pack"
"Stationery","stationery-party","2020","Multicoloured Permanent Markers 8pk"
"Stationery","stationery-party","1985","Neon Highlighter Pens - 4pk Boxed"
"Stationery","stationery-party","2037","Ombre Barrel Pen CDU"
"Stationery","stationery-party","1974","Padded Envelopes 15cm x 21.5cm 5pk"
"Stationery","stationery-party","1968","Paper Clips 200pk"
"Stationery","stationery-party","1980","Paper Parcel Tape 48mm x 25m"
"Stationery","stationery-party","2053","Pastel A4 Multicoloured Indexes - 10 Pages"
"Stationery","stationery-party","2038","Pastel A4 PVC Mesh Bag CDU"
"Stationery","stationery-party","2012","Pastel Highlighters 4pk"
"Stationery","stationery-party","2017","Pastel Highlighters 6pk"
"Stationery","stationery-party","2013","Permanent Markers 8pk"
"Stationery","stationery-party","1983","Power Tack 150g"
"Stationery","stationery-party","1962","Premium Colouring Pencils 20pk"
"Stationery","stationery-party","2025","Retractable Pens 8pk"
"Stationery","stationery-party","1991","Ruler and Stencil Set 2pk"
"Stationery","stationery-party","1979","Scissors 2pk"
"Stationery","stationery-party","1958","Self Adhesive Gems 110pcs"
"Stationery","stationery-party","1976","Self Adhesive Jewels - 500 Pack"
"Stationery","stationery-party","1996","Self Seal A6 Craft Bags Rectangle 50pk"
"Stationery","stationery-party","1988","Self Seal Craft Bags 40pk"
"Stationery","stationery-party","2024","Small Padded Envelopes 18cm x 26.5cm 4pk"
"Stationery","stationery-party","1977","Sticky Note Pads 4pk"
"Stationery","stationery-party","1990","String Balls 40m 2pk"
"Stationery","stationery-party","2051","Super Glue 4pk"
"Stationery","stationery-party","2056","Tape Dispenser & Tape"
"Stationery","stationery-party","2019","Tape Roll With Dispenser 2pk"
"Stationery","stationery-party","2054","Water Colour Set 20 Pieces"
"Stationery","stationery-party","2047","White C5 Peel & Seal Envelope 25pk"
"Stationery","stationery-party","2009","White Envelopes DL 50pk"
"Toys & Gifts","toys-gifts","2132","Animal Plush Squishies CDU"
"Toys & Gifts","toys-gifts","2157","Baby Doll"
"Toys & Gifts","toys-gifts","2180","Black Cosmetic Storage Case With Handle"
"Toys & Gifts","toys-gifts","2131","Bouncy Ball CDU"
"Toys & Gifts","toys-gifts","2170","Buzz Wire Game"
"Toys & Gifts","toys-gifts","2151","Catapult Vehicle"
"Toys & Gifts","toys-gifts","2095","Ceramic Dog Mug 480ml"
"Toys & Gifts","toys-gifts","2146","Character Drawing Board"
"Toys & Gifts","toys-gifts","2098","Colour Changing Fibre Optic Lamp"
"Toys & Gifts","toys-gifts","2176","Colour Your Own Fashion Set - Bubble"
"Toys & Gifts","toys-gifts","2137","Colourful Spring CDU"
"Toys & Gifts","toys-gifts","2175","Crazy Bouncing Putty"
"Toys & Gifts","toys-gifts","2148","Dart Board 10"""
"Toys & Gifts","toys-gifts","2168","Dinosaur Car 3pk"
"Toys & Gifts","toys-gifts","2149","Dinosaur Cars CDU"
"Toys & Gifts","toys-gifts","2161","Dinosaur Figure Set 31pk"
"Toys & Gifts","toys-gifts","2107","Dinosaur Mini Spinner LED CDU"
"Toys & Gifts","toys-gifts","2101","Dinosaur Plush Squishies CDU"
"Toys & Gifts","toys-gifts","2167","Doctors Toy Box Set 25 Pieces"
"Toys & Gifts","toys-gifts","2172","Dog Mum & Dad Socks"
"Toys & Gifts","toys-gifts","2085","Drinking Roulette Game"
"Toys & Gifts","toys-gifts","2104","Ella's Collectable Keyring FSDU"
"Toys & Gifts","toys-gifts","2121","Emergency Vehicles Trucks CDU"
"Toys & Gifts","toys-gifts","2110","Family Rectangle Pool 2.62m x 1.75m"
"Toys & Gifts","toys-gifts","2165","Farm Animal Figure Set 31pk"
"Toys & Gifts","toys-gifts","2123","Farm Animal Figures 15pk CDU"
"Toys & Gifts","toys-gifts","2130","Geo Printed Bouncy Ball CDU"
"Toys & Gifts","toys-gifts","2174","Glass Sipper with Straw 400ML"
"Toys & Gifts","toys-gifts","2136","Glow In The Dark Marble Run"
"Toys & Gifts","toys-gifts","2152","Glow Power Super Value Pack 20pk CDU"
"Toys & Gifts","toys-gifts","2094","Heated Cushion"
"Toys & Gifts","toys-gifts","2086","Heated Slippers"
"Toys & Gifts","toys-gifts","2109","Inflatable Dolphin Pool Float"
"Toys & Gifts","toys-gifts","2111","Inflatable Splash Water Slide"
"Toys & Gifts","toys-gifts","2124","Insect Figures 15pk CDU"
"Toys & Gifts","toys-gifts","2171","Keychain Charging Cable"
"Toys & Gifts","toys-gifts","2127","LED Light Stick"
"Toys & Gifts","toys-gifts","2128","LED Star Light Stick"
"Toys & Gifts","toys-gifts","2147","Light Up Pop Tubes 4pk CDU"
"Toys & Gifts","toys-gifts","2134","Light Up Squishy Bouncing Ball CDU"
"Toys & Gifts","toys-gifts","2088","Light Up Wavy Mirror CDU"
"Toys & Gifts","toys-gifts","2090","Magnetic Drawing Board"
"Toys & Gifts","toys-gifts","2096","Makeup Brush Set 6pk"
"Toys & Gifts","toys-gifts","2173","Metal Bottle with Handle 500ml"
"Toys & Gifts","toys-gifts","2156","Mini Doll Set CDU"
"Toys & Gifts","toys-gifts","2106","Mini Squishy Animals CDU Series 1"
"Toys & Gifts","toys-gifts","2105","Mini Squishy Animals CDU Series 2"
"Toys & Gifts","toys-gifts","2089","Mini Travel Case with LED Mirror"
"Toys & Gifts","toys-gifts","2160","Mixed Animals Figure Tube CDU"
"Toys & Gifts","toys-gifts","2114","Multicolour Drawing Tablet 8.2"" CDU"
"Toys & Gifts","toys-gifts","2093","Multicolour Light Up Magnetic Speaker"
"Toys & Gifts","toys-gifts","2177","Off-Road Vehicle"
"Toys & Gifts","toys-gifts","2092","Pet Travel Tumbler with Handle 1.2L"
"Toys & Gifts","toys-gifts","2179","Pink Cosmetic Storage Case With Handle"
"Toys & Gifts","toys-gifts","2100","Pink Cosmetic Storage Case with Handle & Three Drawers"
"Toys & Gifts","toys-gifts","2159","Plush Animals 30cm"
"Toys & Gifts","toys-gifts","2182","Plush Axolotl"
"Toys & Gifts","toys-gifts","2113","Plush Character Keyring 8cm CDU"
"Toys & Gifts","toys-gifts","2183","Plush Fluffy Animals 30cm"
"Toys & Gifts","toys-gifts","2122","Popper Handbag With Gold Clasp"
"Toys & Gifts","toys-gifts","2166","Portable Dressing Table"
"Toys & Gifts","toys-gifts","2097","PU Window Vanity Bag"
"Toys & Gifts","toys-gifts","2153","Rainbow Clay CDU"
"Toys & Gifts","toys-gifts","2118","Rainbow Rope 2pk"
"Toys & Gifts","toys-gifts","2162","Reptile Figure Set 31pk"
"Toys & Gifts","toys-gifts","2091","Rotating Drawer Organiser"
"Toys & Gifts","toys-gifts","2125","Safari Animal Figures 15pk CDU"
"Toys & Gifts","toys-gifts","2133","Sea Animal Plush Squishies CDU"
"Toys & Gifts","toys-gifts","2164","Sea Creatures Figure Set 31pk"
"Toys & Gifts","toys-gifts","2150","Small Remote Control Helicopter"
"Toys & Gifts","toys-gifts","2178","Snow Flake Building Block 100pk"
"Toys & Gifts","toys-gifts","2126","Snowflake Clay 12pk"
"Toys & Gifts","toys-gifts","2142","Squeezy Alien Balls CDU"
"Toys & Gifts","toys-gifts","2154","Squeezy Ball CDU"
"Toys & Gifts","toys-gifts","2129","Squeezy Caterpillars CDU"
"Toys & Gifts","toys-gifts","2141","Squeezy Fluff Balls CDU"
"Toys & Gifts","toys-gifts","2140","Squeezy Footballs CDU"
"Toys & Gifts","toys-gifts","2155","Squeezy Monster Balls CDU"
"Toys & Gifts","toys-gifts","2103","Squishy Animals CDU Series 1"
"Toys & Gifts","toys-gifts","2102","Squishy Animals CDU Series 2"
"Toys & Gifts","toys-gifts","2120","Squishy Ball CDU"
"Toys & Gifts","toys-gifts","2135","Suction Sea Characters"
"Toys & Gifts","toys-gifts","2138","Super Light Clay 6pk"
"Toys & Gifts","toys-gifts","2115","Super Pump Action Water Gun"
"Toys & Gifts","toys-gifts","2117","Surprise Bags"
"Toys & Gifts","toys-gifts","2116","Tennis Two Player Set"
"Toys & Gifts","toys-gifts","2139","Textured Squeezy Balls 8"" CDU"
"Toys & Gifts","toys-gifts","2119","Tiara & Wand Dress Up Set"
"Toys & Gifts","toys-gifts","2112","Two-Tone Plush Character Keyring 15cm CDU"
"Toys & Gifts","toys-gifts","2108","Unicorn Mini Spinner LED CDU"
"Toys & Gifts","toys-gifts","2087","Watch FSDU"
"Toys & Gifts","toys-gifts","2145","Water Absorption Octopus"
"Toys & Gifts","toys-gifts","2181","White Cosmetic Storage Case With Handle"
"Toys & Gifts","toys-gifts","2099","White Cosmetic Storage Case with Handle & Three Drawers"
"Toys & Gifts","toys-gifts","2163","Wild Animal Figure Set 31pk"
"Toys & Gifts","toys-gifts","2169","Wooden City Play Set"
"Toys & Gifts","toys-gifts","2158","Wooden Doctor Play Set"
"Toys & Gifts","toys-gifts","2144","Wooden Noah's Ark Play Set"
"Toys & Gifts","toys-gifts","2143","Wooden Tool Box Set"
"Seasonal & Christmas","seasonal-christmas","1949","Artificial Glittered Pine Cone Pick 32cm"
"Seasonal & Christmas","seasonal-christmas","1898","Bubble Sword 3 Pack CDU"
"Seasonal & Christmas","seasonal-christmas","1948","Christmas Air Dry Clay Kit"
"Seasonal & Christmas","seasonal-christmas","1937","Christmas Artificial Snowflakes 100g"
"Seasonal & Christmas","seasonal-christmas","1942","Christmas Bauble Hooks - 200 Pack"
"Seasonal & Christmas","seasonal-christmas","1930","Christmas Bow Hair Clip"
"Seasonal & Christmas","seasonal-christmas","1928","Christmas Bow Reindeer Clips 2pk"
"Seasonal & Christmas","seasonal-christmas","1860","Christmas Cellophane Gift Bag with Giant Bow"
"Seasonal & Christmas","seasonal-christmas","1881","Christmas Character 10 Colour Pen CDU"
"Seasonal & Christmas","seasonal-christmas","1878","Christmas Character Gift Tags - 30 Pack"
"Seasonal & Christmas","seasonal-christmas","1935","Christmas Character Glitter Clips 3pk"
"Seasonal & Christmas","seasonal-christmas","1924","Christmas Character Hair Clips 4pk"
"Seasonal & Christmas","seasonal-christmas","1889","Christmas Character Keyring CDU"
"Seasonal & Christmas","seasonal-christmas","1896","Christmas Character Mini Bubble Tubes 10pk"
"Seasonal & Christmas","seasonal-christmas","1872","Christmas Character Money Wallets - 4 Pack"
"Seasonal & Christmas","seasonal-christmas","1946","Christmas Character Puzzle Cube CDU"
"Seasonal & Christmas","seasonal-christmas","1890","Christmas Character with Tag Keyring CDU"
"Seasonal & Christmas","seasonal-christmas","1955","Christmas Colour Your Own Play Scene"
"Seasonal & Christmas","seasonal-christmas","1945","Christmas Colouring Book CDU"
"Seasonal & Christmas","seasonal-christmas","1938","Christmas Elf Dust CDU"
"Seasonal & Christmas","seasonal-christmas","1903","Christmas Eve Pack"
"Seasonal & Christmas","seasonal-christmas","1883","Christmas Felt Stickers 80pk"
"Seasonal & Christmas","seasonal-christmas","1904","Christmas Flashing Led Snap Band"
"Seasonal & Christmas","seasonal-christmas","1880","Christmas Foiled Paper Chains 80pk"
"Seasonal & Christmas","seasonal-christmas","1914","Christmas Fun Bag Surprise"
"Seasonal & Christmas","seasonal-christmas","1901","Christmas Gel Window Stickers"
"Seasonal & Christmas","seasonal-christmas","1884","Christmas Glitter Antler with Bow Headband"
"Seasonal & Christmas","seasonal-christmas","1919","Christmas Glitter Head Bopper"
"Seasonal & Christmas","seasonal-christmas","1947","Christmas Glow Masks CDU"
"Seasonal & Christmas","seasonal-christmas","1910","Christmas Honeycomb Santa Hat Decoration"
"Seasonal & Christmas","seasonal-christmas","1882","Christmas Kaleidoscope CDU"
"Seasonal & Christmas","seasonal-christmas","1864","Christmas Kraft Gift Tags 20pk"
"Seasonal & Christmas","seasonal-christmas","1873","Christmas Large Window Plaques 2pk"
"Seasonal & Christmas","seasonal-christmas","1865","Christmas Light Up Bouncy Ball CDU"
"Seasonal & Christmas","seasonal-christmas","1916","Christmas Light Up YoYo"
"Seasonal & Christmas","seasonal-christmas","1900","Christmas Metallic Gift Bows 16pk"
"Seasonal & Christmas","seasonal-christmas","1861","Christmas Multi-Colour Pen CDU"
"Seasonal & Christmas","seasonal-christmas","1911","Christmas Novelty Glasses"
"Seasonal & Christmas","seasonal-christmas","1897","Christmas Novelty Tie"
"Seasonal & Christmas","seasonal-christmas","1887","Christmas Paddle Bat & Ball"
"Seasonal & Christmas","seasonal-christmas","1876","Christmas Pencils & Rubbers 5pk"
"Seasonal & Christmas","seasonal-christmas","1925","Christmas Play Pack"
"Seasonal & Christmas","seasonal-christmas","1871","Christmas Sacks 3pk"
"Seasonal & Christmas","seasonal-christmas","1905","Christmas Santa Hat"
"Seasonal & Christmas","seasonal-christmas","1895","Christmas Santa Scrunchie"
"Seasonal & Christmas","seasonal-christmas","1893","Christmas Scratch Art Set"
"Seasonal & Christmas","seasonal-christmas","1922","Christmas Sequin Top 10 Colour Pen CDU"
"Seasonal & Christmas","seasonal-christmas","1868","Christmas Snap Card Game CDU"
"Seasonal & Christmas","seasonal-christmas","1954","Christmas Snow Garland"
"Seasonal & Christmas","seasonal-christmas","1902","Christmas Sticker Mosaics"
"Seasonal & Christmas","seasonal-christmas","1952","Christmas Sticky Gift Tags - 120 Pack"
"Seasonal & Christmas","seasonal-christmas","1863","Christmas Tote Bag"
"Seasonal & Christmas","seasonal-christmas","1877","Christmas Treat Bags 20pk"
"Seasonal & Christmas","seasonal-christmas","1933","Christmas Velvet Colouring Set 2pk"
"Seasonal & Christmas","seasonal-christmas","1908","Christmas Window Plaques 6pk"
"Seasonal & Christmas","seasonal-christmas","1950","Christmas Wired Ribbon Red 5cm x 2.75m CDU"
"Seasonal & Christmas","seasonal-christmas","1912","Colour Your Own Christmas Bunting 2m"
"Seasonal & Christmas","seasonal-christmas","1920","Colour Your Own Christmas Magnets 4pk"
"Seasonal & Christmas","seasonal-christmas","1918","Colour Your Own Santa Stop Here Sign"
"Seasonal & Christmas","seasonal-christmas","1885","Colour Your Own Wooden Hanging Characters 3pk"
"Seasonal & Christmas","seasonal-christmas","1915","Elf Bowling Set"
"Seasonal & Christmas","seasonal-christmas","1891","Elf Christmas Eve Bag"
"Seasonal & Christmas","seasonal-christmas","1936","Elf Donkey Outfit"
"Seasonal & Christmas","seasonal-christmas","1956","Elf Faux Fur Winter Coat"
"Seasonal & Christmas","seasonal-christmas","1888","Elf Footprint Stencils - 2 Pack"
"Seasonal & Christmas","seasonal-christmas","1927","Elf Reports - 25 Pack"
"Seasonal & Christmas","seasonal-christmas","1907","Elf Rewards Stickers"
"Seasonal & Christmas","seasonal-christmas","1926","Elf Santa Outfit"
"Seasonal & Christmas","seasonal-christmas","1870","Elf Sticker Sheet"
"Seasonal & Christmas","seasonal-christmas","1879","Elf Water Game CDU"
"Seasonal & Christmas","seasonal-christmas","1941","Foiled Candy Cane Garland 2m"
"Seasonal & Christmas","seasonal-christmas","1909","Foiled Christmas Gift Labels - 100 Pack"
"Seasonal & Christmas","seasonal-christmas","1929","Foiled Merry Christmas Bunting 2m"
"Seasonal & Christmas","seasonal-christmas","1906","Gingerbread Tree Decoration CDU"
"Seasonal & Christmas","seasonal-christmas","1940","Glitter Christmas Window Stickers"
"Seasonal & Christmas","seasonal-christmas","1913","Halloween Fright Tape - 2 Pack"
"Seasonal & Christmas","seasonal-christmas","1892","Halloween Gel Stickers"
"Seasonal & Christmas","seasonal-christmas","1923","Halloween Pumpkin Bucket"
"Seasonal & Christmas","seasonal-christmas","1859","Halloween Pumpkin Carving Kit"
"Seasonal & Christmas","seasonal-christmas","1867","Halloween Spider Web Decoration"
"Seasonal & Christmas","seasonal-christmas","1869","Ice Cube Tray CDU"
"Seasonal & Christmas","seasonal-christmas","1874","Kids Striped Magic Gloves"
"Seasonal & Christmas","seasonal-christmas","1894","Ladies Snowsoft Gloves"
"Seasonal & Christmas","seasonal-christmas","1866","Ladies Thermal Gloves"
"Seasonal & Christmas","seasonal-christmas","1951","Lametta Red Tinsel Strands"
"Seasonal & Christmas","seasonal-christmas","1953","Lametta Silver Tinsel Strands"
"Seasonal & Christmas","seasonal-christmas","1917","Large Christmas Gel Window Stickers"
"Seasonal & Christmas","seasonal-christmas","1934","Make Your Own Christmas Characters 9pk"
"Seasonal & Christmas","seasonal-christmas","1943","Mens Thermal Lined Beanie Hat"
"Seasonal & Christmas","seasonal-christmas","1875","Plastic Candy Cane Decorations 15cm - 6pk"
"Seasonal & Christmas","seasonal-christmas","1858","Red Foil Garland - 2 Pack"
"Seasonal & Christmas","seasonal-christmas","1921","Red Foil Starburst"
"Seasonal & Christmas","seasonal-christmas","1944","Red Velvet Christmas Bows - 12 Pack"
"Seasonal & Christmas","seasonal-christmas","1939","Santa Glitter Bows 3pk"
"Seasonal & Christmas","seasonal-christmas","1862","Santa's Reply Letter"
"Seasonal & Christmas","seasonal-christmas","1899","Silver & White Acrylic Glitter Icicles - 6 Pack 13cm x 1cm"
"Seasonal & Christmas","seasonal-christmas","1857","Silver Foil Garlands - 2 Pack"
"Seasonal & Christmas","seasonal-christmas","1931","Silver Foil Starburst"
"Seasonal & Christmas","seasonal-christmas","1886","Suction Hooks 20pk"
"Seasonal & Christmas","seasonal-christmas","1932","Tinsel Hair Scrunchies 3pk"
"Clearance","clearance","1422","Assorted Party Photo Props With Sticks"
"Clearance","clearance","1034","Chakra Bath Bomb in Gift Box in CDU"
"Clearance","clearance","1040","Christmas Giant Bike Sack"
"Clearance","clearance","1027","Fleur 3 Pack A4 Notebooks"
"Clearance","clearance","1418","Foil Happy Birthday Balloon 16″ – Silver"
"Clearance","clearance","1664","Ho Ho Ho Hand & Body Wash Gift Set"
"Clearance","clearance","1665","Ho Ho Ho Snow Globe Hand Cream Trio Gift Set"
"Clearance","clearance","1013","Man’Stuff Ultimate Six Pack Gift Set"
"Clearance","clearance","1033","Somewhere Rainbow Bath Bomb in Gift Box in CDU"
"Clearance","clearance","1663","Stitch Pamper Hair Turban"
"Clearance","clearance","1017","Stitchmas Bath Fizzer Pack"
"Clearance","clearance","1038","World’s Smallest Laser Tag"
"Baby & Kids","baby-kids","1839","Baby Bath Tidy"
"Baby & Kids","baby-kids","1835","Baby Bubble Blanket"
"Baby & Kids","baby-kids","1833","Baby Care Kit with Storage Case"
"Baby & Kids","baby-kids","1850","Baby Clothes Hangers - 10 Pack"
"Baby & Kids","baby-kids","1834","Baby Comforter & Plush Rattler Set"
"Baby & Kids","baby-kids","1855","Baby Fleece Blanket"
"Baby & Kids","baby-kids","1817","Baby Plush Bunny Comforter"
"Baby & Kids","baby-kids","1825","Bandana Bibs 3pk"
"Baby & Kids","baby-kids","1847","Basketball Bath Time Hoops"
"Baby & Kids","baby-kids","1843","Bath Buckets 5Pk"
"Baby & Kids","baby-kids","1807","Bath Crayons - 6 Pack"
"Baby & Kids","baby-kids","1845","Bath Letters and Numbers 36pk"
"Baby & Kids","baby-kids","1836","Bath Squirters 6pk"
"Baby & Kids","baby-kids","1806","Bath Time Boats 5pk"
"Baby & Kids","baby-kids","1844","Bath Time Fishing Game"
"Baby & Kids","baby-kids","1815","Bath Time Sea Animal Toys 3pk"
"Baby & Kids","baby-kids","1829","Bathtime Duck Family"
"Baby & Kids","baby-kids","1842","Bathtime Flutes 5pk"
"Baby & Kids","baby-kids","1803","Bottle and Teat Brush"
"Baby & Kids","baby-kids","1816","Bottle with Pop Up Straw 300ML / 10OZ"
"Baby & Kids","baby-kids","1804","Brush and Comb Set"
"Baby & Kids","baby-kids","1837","Disposable Bed Mats - 3 Pack"
"Baby & Kids","baby-kids","1827","Disposable Bed Mats 10pk"
"Baby & Kids","baby-kids","1854","Feeding Cup With Handle 240ml/8oz"
"Baby & Kids","baby-kids","1828","Foam Bath Letters & Numbers"
"Baby & Kids","baby-kids","1814","Fork and Spoon Set 10 Pack"
"Baby & Kids","baby-kids","1813","Fragranced Baby Wipes 60pk CDU - Plastic Free"
"Baby & Kids","baby-kids","1802","Fragranced Nappy Bags 150pk CDU"
"Baby & Kids","baby-kids","1810","Fragranced Nappy Bags 200pk"
"Baby & Kids","baby-kids","1851","Glow In The Dark Soothers & Travel Box 2pk"
"Baby & Kids","baby-kids","1848","Lion Silicone Feeding Set"
"Baby & Kids","baby-kids","1853","Long Handle Feeding Spoon 5 Pack"
"Baby & Kids","baby-kids","1818","Long Sleeve Coverall Bib"
"Baby & Kids","baby-kids","1811","Mini Duck Bath Toy 3 Pack"
"Baby & Kids","baby-kids","1840","Rainfall Bath Toy"
"Baby & Kids","baby-kids","1820","Remote Control Teether"
"Baby & Kids","baby-kids","1808","Sea Animal Wind Up Bath Toy CDU"
"Baby & Kids","baby-kids","1812","Sensitive Baby Wipes 60pk CDU - Plastic Free"
"Baby & Kids","baby-kids","1841","Sensory Bumpie Ball CDU"
"Baby & Kids","baby-kids","1824","Sensory Fibre Optic Sensory Lamp"
"Baby & Kids","baby-kids","1823","Sensory Flashing Wand CDU"
"Baby & Kids","baby-kids","1856","Sensory Giant Light Up Ball 45cm DIA"
"Baby & Kids","baby-kids","1838","Sensory Rain Maker Toy 20cm CDU"
"Baby & Kids","baby-kids","1822","Sensory Rainbow Cascade 2pk"
"Baby & Kids","baby-kids","1821","Sensory Suction Spinners 3pk"
"Baby & Kids","baby-kids","1819","Sipper Cup with Handle and Dust Cover 260ml/8oz"
"Baby & Kids","baby-kids","1831","Sipper Cup with Soft Spout and Handle 290ml/10oz"
"Baby & Kids","baby-kids","1852","Soothers With Steriliser & Travel Box 2pk"
"Baby & Kids","baby-kids","1805","Supersoft microfibre baby face towel 3 pack"
"Baby & Kids","baby-kids","1809","Wipe Clean Baby Bib"
"Health & Beauty","health-beauty","1271","Lip Balm SPF 15 Original 10g"
"Health & Beauty","health-beauty","1743","So Useful 3 Ply Pocket Tissues 10’s 6 Pack"
"Health & Beauty","health-beauty","1267","Spiderman Stitch Bath & Shower Bubbles 400ml"
